plot_id,rh98,cover,pai,fhd_normal,gedi_n_samples,gedi_temporal_coverage_months
184.0,19.6437450221099,0.5798141084853626,2.109141918357693,2.710812717240597,1,1
185.0,19.55637839552365,0.6149346581103956,2.527216544252838,2.61212084330909,1,1
186.0,18.154179811601548,0.5196957009876101,2.0015181623373017,2.6945108076669264,1,1
188.0,19.895302173928705,0.6253130648532345,2.589709583230824,2.6636866833911745,1,1
189.0,18.36758063312642,0.5717799501636317,2.274910056551465,2.632705753811053,2,2
190.0,20.983030141000445,0.5398647084714466,2.24723512279224,2.611524760228271,2,2
191.0,19.971321421545472,0.5296890105840163,2.056099786611592,2.7016215449412657,1,1
192.0,20.15233398481493,0.5679080780616388,2.210521792157773,2.6800427995111784,1,1
193.0,26.764969929766018,0.6484990428532345,2.7094741723129103,2.7700518824729445,1,1
194.0,25.66606892232521,0.5141264368397099,1.9466295019276512,2.961189987007564,1,1
195.0,20.305073119652462,0.5247850004017109,1.8161700996644272,2.779334809289864,1,1
196.0,25.20628396888896,0.4820409409249864,1.786414326451884,2.9540577178948846,1,1
197.0,23.696534311253767,0.3471853921414523,1.0550344854845444,2.8252498497836824,1,1
198.0,25.57021157880801,0.4879636712041538,1.674200837949404,2.975992620320781,1,1
199.0,24.837739549847072,0.4666570302180007,1.5403959863217929,2.8695622398831224,1,1
35.0,19.51970925227388,0.4356660458693701,1.5717127005394873,2.7501151416224947,2,2
37.0,22.628450088045497,0.4231594074271433,1.5012982738290006,2.876247697290601,1,1
38.0,26.519184030126823,0.3936494699649265,1.396945700407742,3.0432416388527725,2,2
39.0,25.474240424376827,0.4504975900525873,1.5735377920478653,2.986615563723478,1,1
40.0,22.72431122793305,0.4380873090405683,1.4436060717829842,2.946523560455802,1,1
41.0,,,,,0,0
46.0,,,,,0,0
47.0,,,,,0,0
50.0,,,,,0,0
51.0,,,,,0,0
53.0,19.987942084570097,0.2608056415388372,0.7530332218671655,2.850530906536697,1,1
56.0,20.490909402842256,0.3990693870021354,1.3153503529790558,2.8087268790142086,1,1
57.0,19.90925612719125,0.4630486863338766,1.639605374003391,2.7323086431094863,1,1
58.0,17.76794099068263,0.3470982519461343,1.0655638090935284,2.6332922313019496,1,1
60.0,22.517261758621164,0.4557177730729508,1.687036347195126,2.9074506838141705,1,1
61.0,24.87310292424429,0.4631795251187554,1.6230510768713848,2.8791998291249974,1,1
62.0,15.53535606165015,0.4270702857096921,1.6070005176906843,2.4442091296868087,1,1
63.0,21.282322747803114,,,,1,1
64.0,23.164981658908715,,,,1,1
67.0,24.70810760090628,0.4945215502021952,1.6815552130782452,2.9790373854829824,1,1
68.0,23.95682585659459,0.568578392810078,2.0521633724415422,2.908634177676429,1,1
69.0,19.73246489626424,0.5379698934278228,1.9621786442260265,2.678011047403806,1,1
73.0,20.71863604434786,0.5340467721533689,1.957594407272477,2.773001766271931,2,2
74.0,21.24327903436709,0.5721311233063817,2.207577810040998,2.7635048850074027,2,2
75.0,,,,,0,0
76.0,,,,,0,0
78.0,25.617359815900706,0.4596942038514881,1.587769693173671,2.9951565725647886,1,1
79.0,24.283912367602564,0.3879334977405805,1.1193636362612638,3.015107196103043,1,1
80.0,,,,,0,0
82.0,,,,,0,0
84.0,28.91624359245623,0.5439795663354143,2.263179911505494,2.896387129117425,1,1
85.0,22.946610988219213,0.5487130208096259,2.1519502716500645,2.7728694470085995,2,2
86.0,20.293972482089764,0.4228411506901639,1.557037724915574,2.572870524810865,1,1
87.0,19.2545968376184,0.2393159486098847,0.6575444182065299,2.638419591720342,1,1
88.0,22.116737031107807,0.2660669716636705,0.707213931915724,2.9757959508843785,2,2
89.0,16.387718035602248,0.4838017282837806,1.8367440032658584,2.5866562129222395,1,1
90.0,25.931383302858432,0.3832842803286366,1.1304887080904973,3.1046342382772987,1,1
91.0,20.400154830958204,0.2858966265244172,0.8700525368652865,2.7872129307528755,1,1
93.0,31.26010901499514,0.5475162680601384,2.3016093825246857,3.209016066547949,1,1
94.0,,,,,0,0
95.0,14.479802640475016,0.1510941011802265,0.3783026764692137,2.502723465181036,1,1
96.0,17.341848282758765,0.6617489019408822,3.2005670249462126,2.939528751373291,1,1
97.0,22.3770949852186,0.8040586102336412,3.7894280593068497,3.122013126395585,1,1
100.0,28.92385717375648,0.8459605605597433,4.1942970008966,3.187981312175122,1,1
101.0,28.057999815258786,0.6775794009367625,3.211889413992564,3.1564268589019777,1,1
102.0,17.998636468417082,0.6772677600383759,2.477531522512436,3.282069742679596,1,1
103.0,17.82112087880328,0.6839489545622045,2.8822611725382874,3.000973871659265,1,1
105.0,17.36251011188719,0.5033581540360208,2.283015634795261,2.5966018121759427,1,1
106.0,25.01502134136968,0.7168052205899199,3.43091771383537,3.058481469354992,1,1
111.0,22.97234042580751,0.6679027303257714,3.0981131323663336,2.9129529211018648,1,1
112.0,22.208937889073155,0.5162080208687894,1.8777699297776576,2.9557903615984062,1,1
118.0,19.24279871765617,0.3615210242505099,1.1903189791288915,2.620917651554036,1,1
135.0,24.164098522304347,0.728837591502385,3.294895703349609,2.830631037294256,1,1
136.0,26.840544414747946,0.510868408490282,2.0532258102883625,2.507278071124342,1,1
137.0,40.94087564888528,0.7143785801768212,3.2380918687635027,2.742865241677622,1,1
139.0,47.06908524427234,0.8895178949320828,4.583167113600434,3.213967388564652,1,1
141.0,28.29481673898084,0.6588561125519005,2.583509546119055,2.6634963127844755,2,2
142.0,27.529441000712428,0.6011755267779032,2.5146505605606806,2.7485719181242443,2,2
144.0,32.507895284268166,0.7784526999542141,3.3478606626530087,2.8936546188830903,1,1
145.0,,,,,0,0
150.0,24.462492309447214,0.7589685561315181,3.289362816574452,2.981878815082263,1,1
152.0,26.49418473203401,0.473580173175986,1.7769260564420235,3.037183478948424,1,1
153.0,23.28118244113814,0.6511784690554834,2.710939469606489,2.901415122447643,2,2
154.0,22.58507613964101,0.5059642119051716,2.055702026652441,2.981866521810008,1,1
155.0,21.90860728818597,0.4458408739963705,1.5201040851515548,2.9547031341936645,1,1
156.0,25.356828750354587,0.6399985461999081,2.616522867230617,3.017961735378201,2,2
159.0,21.407154169206915,0.3006351413360641,0.8877223452864395,2.786262253072054,1,1
160.0,24.32433005166552,0.5684260978460338,2.229206226449268,2.9722452876732985,1,1
165.0,26.2896690731149,0.6408680246000807,2.7406716761840766,2.93713647075727,1,1
176.0,18.87115666872868,0.637583800146608,2.429225213717613,2.7691980199857533,1,1
327.0,18.52833315261319,0.5533705894373124,1.7794152989201395,2.746063361326517,1,1
1.0,21.110833488174936,0.6711091589069592,2.6211801613018952,2.808413509950973,1,1
2.0,22.663697059848136,0.6244794729336147,2.490555314684967,2.8020839987941395,1,1
3.0,42.44959400643347,0.8416280907143657,3.805598218872344,3.2567210504596327,1,1
4.0,19.43902486484581,0.6321177656189368,2.456276153347705,2.7523393067709216,1,1
5.0,22.30016384049542,0.7480867241413589,3.1542856778655324,2.890827517598689,1,1
6.0,21.609848292753547,0.6840880949246059,2.739977342985097,2.8040808956739944,1,1
7.0,39.755805706149246,0.8729576189126541,4.279482832951333,3.1407639350464094,1,1
8.0,53.21417982260991,0.8576149075588179,4.007610492884671,3.0901884940356057,1,1
9.0,42.520126803318085,0.8792450378093812,4.494768526753768,3.238466570865596,1,1
10.0,40.86333369209798,0.8427758879131741,3.980442974302504,3.287660863664416,1,1
11.0,20.71792337423286,0.6726272369306076,2.7895101152250965,2.821998732115445,2,2
12.0,20.91671875364829,0.6796512229808604,2.923236136022587,2.8147277926777106,2,2
13.0,19.14481220709765,0.6921356505413959,2.959659241818429,2.7280855933317265,1,1
14.0,17.930601938639715,0.6204524404738815,2.446102433395407,2.6763959807425244,1,1
15.0,35.68611254142766,0.8790761142729178,4.464738111949005,3.177289740897224,1,1
16.0,34.550418168288104,0.880861033252701,4.54747382408221,3.207767990311277,1,1
17.0,32.09844556568049,0.8853122143633406,4.718817498155697,3.226989736594345,1,1
18.0,40.23260915531324,0.8579046739184338,4.199466155922932,3.2816906027171924,1,1
19.0,26.616060216631155,0.7779554418179008,3.4566846144280325,3.083199942361861,1,1
20.0,22.59362750843039,0.6952205975466813,2.882437484880437,2.874702018610173,2,2
21.0,22.26580823366026,0.7288858947870177,3.088894479421534,2.9137591438808186,2,2
22.0,18.7391755377126,0.6487018278848132,2.6317363863520145,2.729335089544791,2,2
23.0,18.21729195514711,0.6141404393320149,2.598359411357236,2.6791726572441967,2,2
24.0,15.924887326992884,0.5851085974677026,2.354406265289263,2.57817745906886,2,2
25.0,16.855333287980823,0.6445246882736683,2.6154002018272875,2.651523317231072,1,1
26.0,14.38926275214447,0.5113702826512199,1.8622557786456344,2.490890292695547,1,1
27.0,15.813924101685268,0.5289393036714349,1.9015989474030528,2.5257782069166907,1,1
28.0,16.865450605038916,0.5838366983455472,2.012113469903103,2.6081219798235944,1,1
29.0,24.268794929406965,0.582384325970303,2.306581319858965,2.844314363878288,1,1
30.0,34.21181077858392,0.8970444107225533,4.753877909756457,3.204502471674969,1,1
31.0,31.19525050393858,0.8973477978553448,4.815976891334724,3.226065179071103,1,1
32.0,28.58660928314188,0.8772285845354433,4.622606977374681,3.135173673120861,1,1
33.0,25.14604327596447,0.7905484152717824,3.382810698330768,2.846034067540081,1,1
34.0,26.87035796170773,0.7684681295075717,3.400985142268208,3.0515159244916576,1,1
36.0,20.476788592752147,0.6997834934798433,2.927204563283946,2.843220924950247,1,1
42.0,14.941722392140754,0.5924215792071019,2.385054550232294,2.5125111962855846,1,1
43.0,17.63658533524242,0.6224079768001486,2.480292046191045,2.582996584208689,1,1
44.0,24.034875092909694,0.7265430218957445,3.031768106390325,2.7214557762788627,1,1
45.0,37.96411152964891,0.8852178557625031,4.5455279907034765,3.2193615489831857,1,1
48.0,25.4544534235243,0.8057752334095897,3.742789876918671,3.051263142127858,1,1
49.0,24.81258567974664,0.7658738294321442,3.505507507174535,2.9644668985311107,1,1
52.0,18.10026344849403,0.637645047648118,2.4536187354012795,2.7544053423314,1,1
54.0,16.399622790097613,0.6335840546526015,2.689269728580806,2.568714385887362,1,1
55.0,21.824867155286807,0.7181901187807012,3.033187094476997,2.704736949737324,1,1
59.0,26.173999745776364,0.8441560924053192,3.9143206119537353,3.112168788909912,1,1
65.0,14.642307749790486,0.5336300739481186,2.100235303505682,2.474862098693848,1,1
66.0,15.802667820281044,0.6010894549986775,2.445070478475675,2.525602776653042,1,1
70.0,23.675174708890488,0.8682242657810297,4.209704606684334,3.032405642295083,1,1
71.0,25.67113320406132,0.841337049654336,3.9129726557340505,3.0649239178667544,1,1
72.0,23.025869344870504,0.765559953657527,3.220490739423244,2.997520084609325,1,1
77.0,13.300931314503924,0.6905971410111611,2.4112846244195976,2.464257893354997,1,1
81.0,15.910071219779596,0.6422522087268724,2.566356391345019,2.569670900851724,1,1
83.0,16.874640686411496,0.5602200435668122,2.0925943717648905,2.550737440543362,1,1
92.0,,,,,0,0
98.0,13.746577385150244,0.4371455911866424,1.4729131012773955,2.35038898370568,1,1
99.0,28.0147664077966,0.8466842163809026,3.898903285702468,3.1509612933528004,1,1
104.0,,,,,0,0
107.0,,,,,0,0
108.0,7.409999847412109,0.6224780082702637,1.949074983596801,1.9365439414978027,0,0
109.0,21.670000076293945,0.8801360130310059,4.249166011810303,3.0294229984283447,1,1
110.0,14.223442374985485,0.5276234094904204,1.9684716680308711,2.5033033159856664,1,1
113.0,13.26076930624074,0.5722890437699168,2.049861699716089,2.4614793924858303,1,1
114.0,18.14622343520641,0.5143803812430373,1.9351703069771504,2.594328725994343,1,1
115.0,20.453909619379765,0.5142125849723254,1.879398770725478,2.735035923522424,1,1
116.0,22.99751279798785,0.5356289138417083,2.0291247770570675,2.834050053656016,1,1
117.0,21.979565256399937,0.5065493272025144,1.9219982473385444,2.799374524037925,1,1
119.0,27.48609523132393,0.8266305262710839,3.699520530585653,3.16425331996784,1,1
120.0,26.91809997561225,0.8105579676220612,3.523949970396197,3.1371180798326224,1,1
121.0,,,,,0,0
122.0,,,,,0,0
123.0,,,,,0,0
124.0,,,,,0,0
125.0,7.409999847412109,0.6224780082702637,1.949074983596801,1.9365439414978027,1,1
126.0,7.409999847412109,0.6224780082702637,1.949074983596801,1.9365439414978027,1,1
127.0,14.539999961853027,0.7513070106506348,3.099120497703552,2.4829834699630737,1,1
128.0,18.074999809265137,0.6336555033922195,2.614370495080948,2.7967114448547363,1,1
129.0,13.903846337036132,0.5533720736320202,1.9186200705858376,2.473641872406006,1,1
130.0,21.157890931444896,0.602650769123673,2.409827338021709,2.7676129107261898,1,1
131.0,21.26063459127401,0.5948559839398817,2.39669942453869,2.7463341279918927,1,1
132.0,23.93208741056991,0.5872781879441649,2.271676815502374,2.8167099682146355,1,1
133.0,23.482569805572165,0.5933972280503773,2.278862189011814,2.8262486000085376,1,1
134.0,20.70120213786887,0.4638401309573727,1.6087501684747916,2.786210951586334,1,1
138.0,,,,,0,0
140.0,,,,,0,0
143.0,,,,,0,0
146.0,25.75063475183204,0.6566133568223131,2.6654843257192167,2.9833639473904845,1,1
147.0,23.06713049842033,0.6337344238677675,2.5582763151021712,2.862333657306788,1,1
148.0,23.87110124451196,0.6547073607226221,2.6866803482138524,2.880889844774941,1,1
149.0,23.14066711410128,0.6536966040448329,2.6703909714516967,2.8266269666051302,1,1
151.0,20.865304025282825,0.5290025593842923,1.9380015137568327,2.743482643502431,1,1
157.0,,,,,0,0
158.0,,,,,0,0
161.0,25.27641329095605,0.5390339888043613,2.0676967499083263,2.9740361497466483,1,1
162.0,21.93440933553416,0.6239761356918506,2.5424497406046256,2.841725023042506,1,1
163.0,22.801656009723253,0.705669544225058,3.1657126194453578,2.8348533496961155,1,1
164.0,19.89847591030442,0.5730418273573168,2.361929436930444,2.733064525924873,1,1
166.0,21.19650974036126,0.5211384953871707,1.9888995849759337,2.7873892218455087,2,2
167.0,19.602285973506373,0.4897912771394885,1.983937181284624,2.7562544145622283,2,2
168.0,5.976666688919067,0.3140469988187154,0.8953839937845866,1.7778363625208538,1,1
169.0,3.581855304387151,0.0541104359620515,0.1157434929433539,1.4690571876868246,1,1
170.0,,,,,0,0
171.0,12.869999885559082,0.5271130204200745,1.4983750581741333,2.345458030700684,1,1
172.0,22.932177212144527,0.6032936070627187,2.363885871083852,2.897369607782397,2,2
173.0,21.54354274939694,0.5104883959429551,1.8653114380006028,2.8537190779928903,2,2
174.0,19.90095343850092,0.5335479010900048,2.1144967843608824,2.791090789307252,2,2
175.0,18.39356798628177,0.5555118482557202,2.155712168244747,2.705901728956304,1,1
177.0,17.197263152868235,0.5637077185704565,2.1876565215230848,2.5798351049661883,1,1
178.0,19.054846184646845,0.507488568207485,1.8928994017079743,2.652045591702864,1,1
179.0,20.637049519217392,0.5544152512018486,2.018411812697773,2.826811293904969,2,2
180.0,19.52097645131506,0.5935417959536939,2.1779198688211303,2.7575367993995794,2,2
181.0,17.732789296320327,0.6281279724525043,2.4383644557565343,2.6273973805930413,1,1
182.0,17.260814085098897,0.5973632264495823,2.2730508273897083,2.5822506260529923,1,1
183.0,19.51014958891569,0.6342420918512934,2.513934207486164,2.726573754029308,2,2
187.0,18.631201515229325,0.6306783542068264,2.356958435157031,2.6489292415494434,1,1
200.0,23.362166532151416,0.6560836431418366,2.824192767801929,2.726288822830984,2,2
201.0,21.90329155908919,0.7256857122290683,3.260582503676557,2.833555040267762,1,1
202.0,26.13021784116452,0.8029962816217876,4.041868204114468,2.977803072543656,1,1
203.0,39.2694548984156,0.8195034788876046,3.81824517166591,3.083419014726168,1,1
204.0,30.088417632229618,0.7769355059785242,3.591784042002088,3.004395509683823,1,1
205.0,22.797768408752383,0.7201996374620572,2.9201141641727,3.038822541492912,1,1
206.0,23.04802978794748,0.74746229812026,3.1704171181828613,2.982406567008922,1,1
207.0,26.03785673975294,0.803461997699886,3.79757061688764,3.141899310587404,2,2
208.0,26.451762153392632,0.6931953148677431,2.9229807798780243,3.10001696778988,2,2
209.0,25.67786008152012,0.666598141567896,2.885873006747543,2.9913615678261043,1,1
210.0,27.595056524003628,0.820120125935677,3.851678395724656,3.096710722001652,2,2
211.0,27.73073230905763,0.8458010883743489,4.074696175867389,3.091186498054172,1,1
212.0,25.830323868759898,0.717449761798822,3.1681324585844286,3.078268432888761,2,2
213.0,22.712113083247207,0.6338608706901835,2.570439354905404,2.8848620206977085,2,2
214.0,27.229495946857725,0.6834923270293626,2.841995608054025,3.1216686605499246,2,2
215.0,25.238880678409352,0.6397221674473078,2.7594646634289,3.0518351542238134,1,1
216.0,22.8550425325698,0.718009351870442,3.1423106582140035,2.94811998730119,1,1
217.0,25.358099106420827,0.6907367491790606,2.879772279582804,2.9900478303015503,1,1
218.0,25.37161675273371,0.6625950660584234,3.0607398442557305,3.0225623469991656,2,2
219.0,25.03092786927261,0.5660480128676963,2.233203800393105,3.0499240082581456,2,2
220.0,24.714988443355164,0.7026623623961816,3.13236759039957,2.9770708879738814,2,2
221.0,21.984161509487347,0.592082519350081,2.600056819454382,2.8974824106063086,2,2
222.0,24.28175714770385,0.6698174623185279,2.8639272835597884,2.8943867292320227,1,1
223.0,24.800635544255684,0.7208845151971093,3.1814185610126486,2.8248936184388485,1,1
224.0,22.838720373986376,0.5487838152570579,2.1463458732482823,2.8830997782641656,1,1
225.0,28.42124223417633,0.6103144872240311,2.4871063278428016,3.0242904748416986,2,2
226.0,19.930780355220502,0.5304718668590375,2.1035742869207588,2.800499336729006,1,1
227.0,19.55597289333648,0.5728676573069856,2.4196176700861085,2.703240067202036,1,1
228.0,19.585150933460145,0.5285597583432099,2.1510202754752363,2.731147014988724,2,2
229.0,24.393744815022952,0.6416488471584703,2.6491805924190386,2.9180762552332737,2,2
230.0,26.508832391633817,0.7823790648488422,3.3678248943021543,3.0793999898470856,1,1
231.0,26.815662864746265,0.7942102967546806,3.7450065195386815,3.0652095188491133,2,2
232.0,25.12506655487669,0.5809032515392655,2.327429777252535,2.9936810111865246,1,1
233.0,22.22696829453561,0.6318790764437987,2.4789216598663844,2.833799938581485,2,2
234.0,27.28780620192584,0.7051058075652633,3.206338096437984,2.869063657964168,1,1
235.0,37.30464836304463,0.7984590180487442,3.779718008645877,3.118216792428393,1,1
236.0,20.732350610241166,0.593068861797193,2.4488123376951845,2.8069800261542066,1,1
237.0,19.860907203911573,0.5798754932047882,2.4538786225101,2.746939089476496,1,1
238.0,18.465670585556367,0.5747029513432523,2.357111263513771,2.805128022265385,2,2
239.0,21.00452643972968,0.6184562311903685,2.5567499541469094,2.8486918675153787,2,2
240.0,20.29118458847289,0.6735441831374547,2.868552913729412,2.8887366517275064,1,1
241.0,17.15586801705146,0.5452113720986678,2.130927609535304,2.671181674770834,2,2
242.0,20.62223014788492,0.6213155204185783,2.576422108004852,2.794558236725872,1,1
243.0,24.545401775646503,0.7207831353770047,3.307972600871889,3.0501061872283337,1,1
244.0,24.77270191814277,0.8109674001642017,3.8656397280456543,3.0283574659600463,1,1
245.0,24.17745886803529,0.7589661014875878,3.321755683722021,3.046256073450637,2,2
246.0,24.774891770827526,0.7187525358757082,3.060270297040826,3.0136776734773814,2,2
247.0,26.234065710365453,0.6620007076441444,2.8918515076926443,3.056934566941732,2,2
248.0,25.15401522211561,0.7185504001349212,3.2254914655619555,3.027547397934763,2,2
249.0,25.83528962895352,0.7648546181359049,3.6879445215936086,3.091519173527124,2,2
250.0,24.46974662323856,0.6852260394593553,3.090111483948376,2.877120650474819,1,1
251.0,28.77501518766724,0.5190871766910093,2.199942537017618,3.068821084170962,2,2
252.0,26.11916663832505,0.5110027239529491,2.1435974001823603,3.0608240408602283,1,1
253.0,27.17859922992324,0.5544796155957572,1.9637294261802063,3.02806486603987,1,1
254.0,25.264390207948264,0.6740482978419381,2.7469800144173573,2.8179312644879086,1,1
255.0,26.11128239488135,0.7579281264474023,3.539955983863301,2.933522342144877,1,1
256.0,23.11150882385378,0.697805091611658,3.0712195535926794,2.955327460076033,1,1
257.0,55.42333294511485,0.8265688933639218,3.890218832983637,3.129637974388701,1,1
258.0,32.232988756562975,0.7803875045990804,3.5773298522052515,2.968698165402708,1,1
259.0,18.870342858029545,0.7082472308790273,3.0144036590316365,2.882552815647386,1,1
260.0,23.362093907127267,0.6812773939489702,2.9157795137621974,3.0024083686019094,1,1
261.0,22.001723235722604,0.6574182788985325,2.8083521792961257,2.9514666023301115,1,1
262.0,19.98102813851011,0.6307284459446231,2.5764130570398027,2.76162523063385,2,2
263.0,17.867095374802187,0.5749059527668047,2.212158003324717,2.7811953042354665,1,1
264.0,19.961339179777443,0.531557644590996,2.177903964675993,2.83048911418744,1,1
265.0,22.489535998159656,0.6766711027124721,2.8108929475322064,2.919163976848809,1,1
266.0,22.32835048198207,0.5996190899264077,2.681830428829773,2.931918537023705,1,1
267.0,26.4044100080494,0.5946646986365186,2.3741471965883423,3.074750364252025,1,1
268.0,20.948453824837983,0.6872182910713432,2.888997336175156,2.8107938393336163,1,1
269.0,15.624341278856296,0.5497824657340531,2.2159984729087,2.488765305372969,1,1
270.0,25.6224645662,0.7760116314698623,3.5281069430389698,3.047939120405201,2,2
271.0,26.84943733432604,0.7967316126163979,3.692876561669685,3.075276873621169,1,1
272.0,26.98802737876537,0.8418075127602676,3.9097479531689294,3.233084396058711,2,2
273.0,23.34675388645363,0.7277717422881987,3.13583251532749,3.115711157130211,2,2
274.0,25.216325392296483,0.5171074506616392,2.242767391602003,3.152844882370143,2,2
275.0,21.78297493526012,0.5416122569030097,2.32733468740409,2.931745716059779,1,1
276.0,27.69156982829131,0.7159720660068323,3.2443860163175327,3.043216129547793,1,1
277.0,24.22256827130158,0.7775060200999776,3.622325250624142,2.913562862574605,2,2
278.0,28.228134923479374,0.7841933226155147,3.6156074317540674,2.987074016635224,2,2
279.0,40.71613424535383,0.8277009438740196,3.707639931648121,3.05711575260618,1,1
280.0,33.69761493245142,0.786535996786771,3.4380362285478685,2.912732014856952,2,2
281.0,25.54493661101207,0.7921862459696736,3.592565335899615,2.98184122844101,2,2
282.0,16.369582863028164,0.5470021873001802,2.140359632310401,2.6151953709427715,2,2
283.0,18.49323544190684,0.6666382090480314,2.800427984979636,2.820403281875367,2,2
284.0,21.17497091000441,0.6757501487446745,2.996815090194892,2.88815038118869,1,1
285.0,18.642883162715453,0.5335466196937515,2.001427698833841,2.767083469324198,1,1
286.0,22.46763926719498,0.5736821795202774,2.110515285370586,2.8821117347425176,2,2
287.0,20.51165485559161,0.5227543879328233,2.071856141901612,2.9254694921948365,1,1
288.0,19.34145415223006,0.4156738786130489,1.4922673484248692,2.8348880384817963,1,1
289.0,24.104656441378985,0.7036528027059843,3.061690916885817,3.054127416419024,1,1
290.0,23.928330425600592,0.7006375764198056,3.139423027803913,2.927290071804531,1,1
291.0,24.46673654887723,0.6782960127629941,2.855522065963597,2.971350504250025,1,1
292.0,25.042093177675625,0.7024852751267615,3.110108569664641,2.8639361158596555,1,1
293.0,28.47803446686145,0.8340032904659356,4.068321917207283,3.112709288117691,1,1
294.0,28.403024733063376,0.776400847990735,3.186649454368358,3.180958233118942,1,1
295.0,22.467483285696805,0.6854023419974594,3.0005028323860805,2.97501918567848,1,1
296.0,20.631850712195043,0.6691891662471057,2.8151364029509582,2.9633886162086056,2,2
297.0,24.921586542832205,0.5864567965721174,2.376266788069773,2.843352886078321,1,1
298.0,25.187008206322933,0.6637146509093904,2.7082024331536294,2.9140237443629826,2,2
299.0,30.454441680055663,0.8165358302759569,3.90628664612266,3.1362142925585053,1,1
300.0,33.524920566315295,0.8361094571423069,3.826917573899366,2.984861193375822,1,1
301.0,24.949614692524896,0.8168428391052482,3.565827589549732,2.9756994967429167,2,2
302.0,21.898670890631923,0.7798822502080801,3.278304395329583,2.922876345962448,1,1
303.0,23.39071440784345,0.741270288291338,3.488220314539278,2.855316704346138,1,1
304.0,11.22292325891988,0.5987169087064339,2.453591220902472,2.684203604398449,1,1
305.0,18.09087872917978,0.6803631210374749,2.8758032501292705,2.843145211611668,1,1
306.0,17.372407855728536,0.5854183217210716,2.36445830939275,2.6627668424499973,2,2
307.0,19.49365245487616,0.5036990868880993,1.935643226064892,2.831207163062091,2,2
308.0,21.16727227838724,0.5487981388379223,2.205636871797313,2.7711255654991387,1,1
309.0,24.573876099846466,0.6636890904437818,2.927011453565155,2.9075931778878474,1,1
310.0,27.9352142424536,0.8722239329496578,4.378050184455727,3.0763719836172405,1,1
311.0,29.95103633785926,0.7868015403696185,3.4455775345204085,3.2204019075784927,1,1
312.0,31.31814774230008,0.8590174396535457,4.33440064181172,3.1651040114691966,1,1
313.0,25.93950239285241,0.7110336841383832,2.89099933676335,2.927633117405251,1,1
314.0,24.419882191313885,0.744148859193745,3.21142298440533,2.989005139094455,1,1
315.0,34.104115012222486,0.7632672322484163,3.577415905128687,3.118854666367556,1,1
316.0,26.26516652071529,0.7442438351561967,3.093389971230605,2.8777763502331286,1,1
317.0,22.20884271364015,0.7706374358018174,3.1992890151511686,2.820821610181347,1,1
318.0,26.47058872335276,0.7169793522035753,3.0437036978231893,3.104988800512778,1,1
319.0,19.82091245336889,0.8242353650402486,3.8741741396823137,2.97743662961357,1,1
320.0,20.231855560156465,0.6864986263434705,2.912282420227738,2.91592024963758,2,2
343.0,21.330422090130625,0.5900617652704803,2.4771528501772213,2.709123932892919,1,1
554.0,15.717898594365538,0.5009977296993549,2.101256601257385,2.577860646114231,2,2
557.0,15.011079995409796,0.5552609965000056,2.264010755297038,2.495790345576387,1,1
559.0,15.442822402869805,0.4998940163322987,1.8836758859710887,2.613896621063509,2,2
560.0,12.831979127679356,0.3699537244109968,1.2897640450001988,2.37541944578356,2,2
407.0,10.694980359559402,0.2240069015308416,0.6485687332460408,2.36458307895153,2,2
397.0,10.126988543268691,0.2495682950621478,0.6168992786208133,2.267589658566823,2,2
404.0,6.936519614491218,0.1445437786937707,0.3821055057712901,1.94520363269746,2,2
405.0,8.228122581509943,0.131274251858435,0.3081789909144353,2.098000506628253,2,2
401.0,9.749032152297588,0.3455191460858205,0.913715743719294,2.24046664763595,2,2
399.0,12.076806517031017,0.3494533980293253,1.03037782658249,2.382754736266385,1,1
403.0,7.002395184245341,0.2300343916223798,0.6495705208144082,1.948212437562851,2,2
400.0,6.729647349097884,0.2109655013674073,0.5034777411780508,1.925755568551773,1,1
398.0,11.553326439869208,0.2789887937156643,0.7890039043150262,2.396499606523988,2,2
409.0,14.733974690893064,0.4882070540696052,2.038706593674021,2.6079174860916527,2,2
406.0,6.9993762754287765,0.1651893505067097,0.4804288994431323,1.971935289984536,2,2
408.0,8.99683546344992,0.21562780848972,0.7811590375794684,2.0803818433255343,3,3
402.0,9.131617881027074,0.2420069001609844,0.6490249150791985,2.134648195643279,2,2
385.0,9.731157391485445,0.2378230754215867,0.7577143238365308,2.0567240356381418,2,2
382.0,9.608994318382228,0.3017657005512577,0.9913231655027818,2.183621601492008,1,1
384.0,8.774304333459725,0.1976972436266801,0.53988736041991,2.2102437201824428,2,2
388.0,10.851600294101216,0.2639846669008094,0.8947910367751383,2.2595119502458503,2,2
383.0,9.040601867132326,0.2867461046959818,0.9389386194110162,2.0833563095245857,1,1
381.0,3.4970926612184896,0.0655301576326148,0.1509060568048215,1.4027164455715408,2,2
386.0,7.668512229834302,0.1562514890100981,0.4765808055536527,1.9938024646657964,2,2
387.0,10.06188586102054,0.2024727655131994,0.6273206058576735,2.2672778174762938,2,2
366.0,7.221941871760179,0.2591433162218617,0.8850349417335502,1.870236194813086,1,1
371.0,6.034059439511026,0.1420682961798408,0.4946232257946443,1.8074747416333192,3,3
369.0,14.313389415899788,0.3970911622554874,1.3672277872389362,2.4724989791072,2,2
367.0,8.194129829041998,0.1548029864564054,0.3456272612616141,2.0637687094209234,1,1
372.0,8.203835174582874,0.1446615469782615,0.4229115860812256,2.0569882929759613,2,2
370.0,8.793131526695678,0.2034050510124494,0.6432022756312843,2.047035837991684,2,2
368.0,12.562635364485333,0.2858470096569819,0.9565575696138652,2.3879960023304108,1,1
352.0,7.998182464938463,0.1770781438848701,0.5374636229619202,2.0248953838752084,1,1
354.0,15.028417798787006,0.3715981132290047,1.339506946891114,2.54318707631889,2,2
353.0,12.212990828109383,0.3731814234050581,1.259173326680066,2.4021922385423857,1,1
357.0,13.670302800845292,0.3882228916311032,1.5238780648802128,2.440269032599888,1,1
356.0,13.729857339667689,0.4190374981155387,1.6494592760246478,2.5354893862769003,2,2
358.0,7.673505349417751,0.1920641948578665,0.6396727288491333,1.8829377405569705,2,2
355.0,14.047344273963112,0.3976766474371946,1.3328899867993194,2.549888013723573,1,1
340.0,9.591097660930652,0.2325505178068809,0.7014528658845832,2.1526907596737903,1,1
341.0,11.24779603618762,0.3025493910924257,1.2076255233722433,2.325883055290248,2,2
338.0,13.035567915251802,0.3126786983715657,1.0281008783501573,2.5028643761318783,1,1
339.0,8.56640299082213,0.1730888114515925,0.4938988716249384,1.9989388815152709,1,1
326.0,8.609881496335994,0.1968524808696448,0.6391468707330709,2.0162467592478057,1,1
329.0,12.308450398838108,0.3081074450150729,1.0301454161177797,2.4034418587932898,1,1
331.0,8.911020341940073,0.1913499870357038,0.7843266219779932,2.007915827840745,1,1
324.0,10.40838701814891,0.2554834762811441,0.7037017877991755,2.1689842749885053,2,2
330.0,13.55491133202813,0.4111439653588137,1.5539241833411854,2.5276241428620416,1,1
328.0,13.469523233617364,0.3678946495563767,1.2928368678530908,2.5304916289257173,1,1
325.0,9.449861680216037,0.2126750447839336,0.6138732854982437,2.1580781522136223,2,2
565.0,14.93717425948826,0.4274042243484693,1.4013100567349723,2.521643728208457,2,2
566.0,13.820092206968411,0.3942092463442536,1.611788048201335,2.4361639618355406,2,2
568.0,21.314896156747853,0.4950274037598272,1.907800438411824,2.922038317166368,1,1
569.0,18.027692339530365,0.2373917849333186,0.7279886086575015,2.7984717508545494,1,1
571.0,23.73366873871165,0.5153226457503411,2.123171158885563,2.925857289372873,1,1
572.0,19.94908323982548,0.4328714011813721,1.551965433211045,2.8472285313876697,1,1
575.0,13.162628746600836,0.2948898808510681,1.0937354490904885,2.314086084386191,1,1
577.0,21.575749482328643,0.5361036418118452,2.132722313549562,2.868368134135338,1,1
578.0,17.719036226901103,0.4043330417418084,1.5674806337303444,2.699967367168017,1,1
580.0,12.136202814296126,0.3266239274291187,1.172125284278793,2.1125265871562964,1,1
581.0,19.05301381288052,0.3484965400800779,1.258353607503918,2.698679389244299,1,1
583.0,17.085920612722568,0.4876683007350628,2.0478977271334364,2.4701035076235227,1,1
584.0,19.84370870220223,0.6448706702294856,2.706223218949704,2.739943298034662,1,1
586.0,17.269090825861152,0.8222408186305653,3.503711462020874,2.6792673847892066,1,1
587.0,22.04904889996255,0.7542841599151457,2.9740712980473383,2.935182777741003,1,1
589.0,16.36823410015336,0.4659633329231381,1.687187470823306,2.493019992178457,1,1
590.0,13.767121676772511,0.4912184028687125,1.842666967487253,2.3697521879335146,1,1
592.0,16.064384425357343,0.2978653183235912,1.114078753658486,2.737675794032258,1,1
593.0,14.26478532829962,0.3790319394533736,1.3693230943055117,2.613375014439,1,1
595.0,17.20613338820443,0.4355877062916498,1.6335730221360754,2.7218370171216355,1,1
596.0,18.90045659319481,0.4393337947358312,1.869445936528329,2.833656946495022,1,1
598.0,11.93496095968551,0.43147114094515,1.8093126071394725,2.2850883628907366,1,1
599.0,11.32683238065253,0.3989050019865265,1.4223204487671954,2.4296175280708505,1,1
601.0,14.08830629231548,0.306429999421827,1.0531519310867905,2.027673608635625,1,1
602.0,14.80108492074266,0.2077615918867566,0.5476004744155539,1.880620073389124,1,1
604.0,20.298410859735377,,,,1,1
605.0,19.154941430586067,,,,1,1
607.0,19.57139921529576,,,,1,1
608.0,8.937749212200204,0.334556814285587,0.9893845303423408,2.0145547849869696,1,1
610.0,13.18496674716021,0.4906641419702847,1.9720942844077185,2.381554414652591,1,1
611.0,12.84109543444058,0.4578499350632127,1.6833547431732958,2.4037099553920385,1,1
613.0,7.229432760486438,0.0851672413737664,0.1810557940121961,1.8791520056520137,1,1
614.0,14.655577465631715,0.2017271861693371,0.5404433377759702,2.535976481612868,1,1
616.0,19.24884450307721,,,,1,1
617.0,18.19705495239096,0.6227353598390307,2.69821149962289,2.875391261918204,1,1
619.0,23.396363894475765,0.7788712707432833,3.472077217969028,3.0851810195229272,1,1
620.0,15.888599852402486,0.4624398346332766,1.813446555066386,2.5841179350258034,1,1
622.0,15.177060991374816,0.3621377533456135,1.6494916123712446,2.538847062693961,1,1
623.0,17.90647836843866,0.3886786646902694,1.602688614498002,2.817093671435874,1,1
625.0,16.459145545907813,0.5586319893421419,2.2197095544725483,2.709882265937923,1,1
626.0,13.097126027246976,0.3258006856224241,1.2279179664174245,2.453526712238066,1,1
628.0,9.711212184536617,0.1685030319459746,0.4660218061863195,2.2873785871194654,1,1
629.0,12.035203066905934,0.3368990059714883,1.284822772738374,2.299845914221184,2,2
631.0,12.40085424858386,0.2542376942306306,1.0762965854826847,2.4321249200773924,1,1
632.0,13.354037637273278,0.4104321822367135,1.550651475682016,2.43662866534732,2,2
634.0,13.610143969087089,0.3277932604842211,1.220862059940747,2.518015440061941,1,1
635.0,15.923104309619644,0.4084579146964761,1.671173677505725,2.6772741697481983,1,1
638.0,15.049542041317832,0.5510462064398022,2.3125122271533143,2.4860697613446865,2,2
640.0,18.245745091372203,0.6117458674120382,2.50187923431868,2.740549100588168,1,1
641.0,17.603257170152094,0.5774390921604076,2.3036074511587032,2.725878903402231,1,1
643.0,11.717378835714776,0.3774644530980352,1.4219161927639126,2.327701803412314,2,2
644.0,13.166386412817088,0.299814554194851,1.108195952851519,2.450404320421817,2,2
646.0,15.268682287799017,0.4103989496135746,1.5995622181807754,2.578239582863073,2,2
647.0,13.972728138116992,0.2450766595978906,0.7883442805142562,2.5411490758828204,2,2
649.0,7.642300456805135,0.1996526322089008,0.594906236907008,2.039741334907528,1,1
650.0,14.964956104713444,0.4127694418139715,1.5484301780335632,2.620138935135111,2,2
652.0,13.74914179930598,0.2776272714901133,0.983452501361484,2.3954974383322614,2,2
655.0,14.98170994816323,0.2782664097598199,1.0821130553917633,2.433898304314815,2,2
656.0,12.601956386632668,0.2732128383511144,0.8342553795085584,2.4650597867634643,1,1
658.0,15.915902662652286,0.3795439370636673,1.5044810739989751,2.564122907623989,2,2
659.0,9.125306971062432,0.1721284288506725,0.4828798600487357,2.065671210748179,2,2
664.0,10.819772720966473,0.327947350873391,1.1568616611322262,2.2484166737413123,2,2
665.0,14.65262659902201,0.5521306174715543,2.2500011905604342,2.50907609578523,2,2
667.0,16.802137317687677,0.6206020239617591,2.5852028041100787,2.662860186995033,1,1
391.0,11.05104325811716,0.270408758428158,0.9547856945928144,2.2803422040579946,1,1
394.0,10.703845176021028,0.2873795958808268,0.876598618279264,2.203720988072275,2,2
389.0,14.06258920317498,0.367096338370056,1.360935686662191,2.460607292691291,2,2
393.0,14.17841896797168,0.3971897590974474,1.3510414448867247,2.509113487147802,2,2
395.0,12.542080112336228,0.2694482065324087,0.9550052923846452,2.147964049087254,2,2
392.0,17.590128598720607,0.3254891893600286,0.9342152097357026,2.7056180792836457,1,1
390.0,10.77752265444016,0.2204154603805695,0.6300893559434795,2.2620518617216163,1,1
396.0,12.162724207326791,0.3470710381270938,1.109394490144418,2.420021485079328,1,1
378.0,11.383463075395031,0.3001749359774656,0.8971001030414649,2.235415955361828,2,2
375.0,15.725298619306365,0.4344943978902461,1.664971314267211,2.6089148729323752,3,3
374.0,12.80873643544098,0.4147475668083363,1.5672033496488444,2.4453517855263174,1,1
376.0,8.36377928378955,0.1860353579910419,0.6286142017158325,2.02417999492147,3,3
379.0,10.291556608049486,0.2917760496942095,0.8213037936685625,2.243355407154821,2,2
377.0,11.649546781378612,0.3262801821197568,1.1697063090344508,2.219718482738914,1,1
373.0,9.471602235651735,0.2535595654425371,0.7685566819001268,2.138788545385321,2,2
365.0,10.282978468983924,0.2121259744348803,0.5857569527095848,2.06073418945014,2,2
362.0,13.59438703484502,0.3773443291707279,1.097114201220324,2.396358592131451,1,1
360.0,19.06081719912117,0.5976487384262608,2.544103099954896,2.827788601890322,2,2
364.0,13.900048040332436,0.4197283456198131,1.5031646467249702,2.434056560027284,2,2
359.0,9.427049598770472,0.270567957207204,0.9559212198912828,2.0379026148574964,2,2
363.0,12.394758070323295,0.2772972319406571,0.7453416047406791,2.2948327382253844,1,1
361.0,17.224111462379383,0.4949009997391946,1.826497537468536,2.7289116921790355,1,1
345.0,13.10836120042202,0.3845072633814471,1.222344896025136,2.341042378040384,1,1
349.0,13.904175425566388,0.4204408416754543,1.338185361173524,2.491005537925216,2,2
350.0,12.83916653241412,0.3611853949725628,1.083929543197155,2.4946822702884672,1,1
342.0,19.73357672440632,0.5958661901595786,2.8452037078985013,2.78642582443319,1,1
346.0,12.05763970467431,0.404049094890385,1.6572654574714794,2.191951516067766,2,2
344.0,10.259094208291646,0.2547390975477533,0.8281895724838607,2.1126869954217424,2,2
347.0,9.41675199082395,0.2013521298503327,0.6623038946992486,1.951089940637344,2,2
348.0,5.147016285691816,0.230836832257073,0.5584769163050924,1.968071484268892,1,1
336.0,13.012309601218949,0.3086608267451237,0.8352461914586177,2.425940213966584,2,2
334.0,18.147372629648785,0.4539216199328459,1.66036380205223,2.7380588172129925,1,1
332.0,17.421546878972855,0.7149562815667989,2.8947959130448733,2.741092587413912,2,2
333.0,18.53021519529666,0.4362809820617574,1.5725681068670492,2.474843045949103,2,2
335.0,15.67985460130924,0.4059915998683258,1.6328142221155726,2.5101330825331813,1,1
321.0,7.425549829294058,0.2050895853538797,0.6030830819918623,1.907467398368172,1,1
322.0,6.948840907417989,0.217162188568163,0.6045267368177817,1.9553604659002903,2,2
323.0,14.196258905958734,0.2735179665019764,1.066833242031722,2.38439131764586,1,1
337.0,8.297648583874086,0.2169912655741958,0.8290393790085974,2.002148140740025,1,1
380.0,17.188036299292776,0.4950730527368636,1.851488576630595,2.65285974551166,2,2
410.0,17.876641364742362,0.5435962910289402,2.737157999393389,2.791948831381624,2,2
412.0,11.564899654269835,0.2173403474335348,0.7089153786427052,2.461235133231261,1,1
413.0,10.791173639420812,0.2060485247590413,0.5491060147265715,2.3512099300112044,1,1
415.0,13.650015639735097,0.3933704277683854,1.6153463250212263,2.646535460031845,1,1
416.0,14.64040931120788,0.4594184353677443,1.8530442706911263,2.620607992832543,1,1
418.0,14.494215288553926,0.4864727740245242,1.9729127773970392,2.60169816845404,1,1
419.0,15.449424515376672,0.3928148406592109,1.6877551383627676,2.731675383922798,1,1
421.0,14.012429510659835,0.4949336075185155,2.064771183312411,2.5831617601982018,1,1
422.0,16.225067850651538,0.299617807382769,1.1848865496808494,2.8105369565519247,1,1
424.0,8.637400879497601,0.0780612863763275,0.1710720857045383,2.063252152063663,1,1
425.0,15.967497270338352,0.4330262623855492,1.6387595744945755,2.6586189774606583,1,1
427.0,15.19467787625063,0.4829460928524127,1.8352295487479384,2.680048276416114,1,1
428.0,17.920731776588486,0.5657419570883699,2.0148245300135774,2.7758748840742338,1,1
430.0,12.63790523718904,0.2932091226425403,1.3102279430575456,2.2766584529451896,2,2
431.0,11.95243450607335,0.335125871772423,1.4789036084609797,2.125663113476349,2,2
433.0,6.112077381254958,0.1271990072251562,0.4347375711755266,1.7591280375484513,2,2
434.0,10.558192089393255,0.3182880217139777,1.3583657654906842,2.0536305348005186,1,1
436.0,15.018781159559277,0.4043667229196647,1.6422760346677905,2.572873247324172,2,2
437.0,17.340741157794415,0.4180918945932917,1.4106664816871797,2.74127695382991,1,1
439.0,18.498470986825566,0.4126685753326155,1.4444628146732228,2.7927632613198745,1,1
440.0,17.03445277148124,0.3985867349233092,1.391068404966335,2.7148296123795093,2,2
442.0,15.563463662877794,0.4014951180819583,1.3955882224456773,2.5755915305402914,1,1
443.0,16.873397865504366,0.5156282547406877,1.9292025114607605,2.6855099262888897,2,2
446.0,13.580026864091955,0.4184008131597351,1.4349692210663905,2.5150910358506784,2,2
448.0,16.02058958674445,0.3416005762076369,1.1560111107476978,2.680258465120192,1,1
449.0,15.400944728027088,0.4889499243771543,1.9111066267606405,2.605908331980398,2,2
451.0,16.03443290862325,0.5210700685976419,1.813959599991721,2.746512827212777,2,2
454.0,18.56005200739344,0.4808250299990766,2.0708946428687485,2.7210262914099763,1,1
455.0,17.820749893924084,0.4182075907539522,1.6096838658279111,2.6722983133829312,1,1
457.0,16.82010761917261,0.6331068755214592,2.713304839922255,2.6442828919029,2,2
458.0,11.561794428460496,0.3657852514197552,1.4642879784077103,2.30374240633459,2,2
460.0,16.058034273422432,0.5095230332114608,2.1275515987359594,2.653251497784177,1,1
461.0,18.628255243836488,0.5971959304178751,2.674677367329016,2.7506335649224347,1,1
463.0,13.050135907663735,0.2818956591178151,1.0337083089659052,2.369838293782812,1,1
464.0,12.792756695032766,0.3336258301662966,1.3523338401704494,2.360725709541742,1,1
466.0,19.891549957569847,0.6618383362934429,3.1360216429477696,2.792509496536096,2,2
467.0,16.342821500265927,0.4593723419708137,1.7834704308413467,2.6206286672374373,2,2
469.0,18.92123662740805,0.5790536688603241,2.682060356411708,2.632419001280203,1,1
470.0,19.385115758724943,0.6485273646796944,2.9976102090932466,2.707760180789468,1,1
472.0,14.20183837611674,0.669800947873729,2.826252930128597,2.4983287354436694,2,2
473.0,20.25783303428856,0.7952460198148538,3.4461906778568614,2.9317584721642067,1,1
475.0,16.79285711379278,0.5853847623580978,2.5788104445451783,2.6051823184603737,1,1
478.0,16.060099289677748,0.6508086709850316,2.727433208955498,2.6094602931790534,2,2
479.0,10.623548503674236,0.1717276174605823,0.685725592093523,2.4025170650556347,1,1
481.0,16.862037005166833,0.709715631909758,2.930815901722186,2.7006781325932967,1,1
482.0,16.518477585007908,0.7095100626497494,2.9247966234231666,2.6985292751460217,2,2
484.0,18.700288032463263,0.6377499203273932,2.447445615420449,2.759187014742172,1,1
485.0,20.524694914992647,0.5910577599340158,2.1114181678751964,2.8457934635420075,1,1
487.0,17.74460016547458,0.6450050627766523,2.8203406397798045,2.640766589103044,1,1
488.0,11.661944520980256,0.3641939410837908,1.3317119383794382,2.2058681870014145,1,1
490.0,16.86395648912715,0.6321331924482425,2.545449244196176,2.666187243163056,1,1
491.0,15.813434195281513,0.5596767282975005,2.233563952476289,2.5950952758842174,2,2
493.0,18.51265630266344,0.5731796424243721,2.005038673075282,2.785725184614498,2,2
494.0,18.45870236019401,0.7141221010039788,3.479436492638977,2.676268868040338,2,2
496.0,18.662368710433856,0.5726337817313633,2.171191756407836,2.764406079716034,2,2
497.0,18.74383143202032,0.5773390836704808,2.644384360029321,2.6756332700479617,2,2
499.0,15.668944850913626,0.457548891443788,1.9527100878439068,2.4611853527574894,1,1
502.0,15.322298982292676,0.4506567718298377,1.9365610582203217,2.50193295381386,2,2
503.0,14.230606463169966,0.439712411826107,1.8356238368140223,2.5056339422550105,2,2
505.0,16.26176164051867,0.5832229429535737,2.353280127204939,2.6639868376224167,2,2
506.0,16.56589625932551,0.4872739601886104,1.904832580863837,2.6939302189787058,1,1
508.0,10.501142834835829,0.3726457213975208,1.46493157486014,2.03191211455187,1,1
509.0,15.663365611740446,0.7146941836564811,3.350135135209237,2.53447602090365,1,1
511.0,14.129213117186756,0.554498433907674,2.2328958133618406,2.489380279439542,2,2
512.0,13.008877513183077,0.5532233011343901,2.2352671281532586,2.3742889877425783,2,2
514.0,20.52185896383258,0.7901437961305712,3.5241439378471804,2.873866226795448,1,1
515.0,18.68840201358606,0.6923452838396212,2.9717814111070417,2.772638924732127,1,1
517.0,11.083897367190495,0.3624185645449048,1.4667927568702004,2.149705064578862,1,1
518.0,14.91698567323694,0.398077053234746,1.6050066244524397,2.473847379467254,2,2
520.0,14.417743782988424,0.3586898757733082,1.525911111414561,2.6232226730667705,1,1
521.0,17.993142637818114,0.4346500634856486,1.770937150106636,2.744640956018497,1,1
523.0,18.52259671818017,0.5380819906915447,2.154548854753356,2.7646815731931498,2,2
524.0,18.409928605306483,0.504409203606261,2.112240270376258,2.736894008632882,3,3
526.0,16.563159497243003,0.2640315236727743,1.054275185336574,2.5842447333817016,2,2
527.0,16.941416374719257,0.3366530618311928,1.398493970641701,2.6533828129606607,1,1
529.0,12.216810616603803,0.1478058666428375,0.3706950327517729,2.359628856733712,1,1
530.0,13.593722051958514,0.2703047961402963,1.1933978690560856,2.4105690747755126,2,2
532.0,18.03146631489731,0.4676409985289052,1.8397405115488632,2.761661111016814,2,2
533.0,21.06169007177118,0.5625422954971061,2.154688939312168,2.857837356029019,2,2
535.0,18.61210996814933,0.5070003327910151,2.270189750037236,2.759058937213955,2,2
536.0,10.87888854771193,0.3087871518472039,1.1978804540335135,2.135007404251631,1,1
538.0,17.33625324754705,0.480904708794284,1.972667102253341,2.5302128328281697,1,1
539.0,18.85465475672313,0.6758805535833763,3.10112341027793,2.720831435571499,1,1
541.0,17.058131140454883,0.4407335173352751,2.0745240517752115,2.510160014216057,1,1
542.0,18.436722773749743,0.4393879582734301,2.113111080799944,2.5787805702198443,1,1
544.0,18.62668826690512,0.3807573176175408,1.5767427092152873,2.723277108162417,1,1
545.0,20.28757850999333,0.6458129940966696,2.981164692619572,2.7709060902801537,1,1
547.0,15.411962051030466,0.5542808897296206,2.0947247061469536,2.606754624119541,1,1
548.0,16.589465052755457,0.4986882545904801,1.917720506316171,2.6935299053476687,2,2
550.0,12.598014393690216,0.2865678278578464,0.9569702030984846,2.3806155725193543,2,2
551.0,16.092362944607405,0.5052164837707996,1.8111990592741425,2.7066223885377614,1,1
